L,ratio,cfg,mc_step,m2,m4,U,avg_segments_per_site
24,0.98,0,0,0.20823655529336868,0.080318079450316687,0.57387549084127798,16.5
24,0.98000000000000009,1,5,0.027890730909753077,0.0021047132621611255,0.14717023288786207,21.083333333333332
24,0.98000000000000009,2,10,0.040871672434123207,0.004506903646765789,0.1510263713781389,18.083333333333332
24,0.98000000000000009,3,15,0.23530417635627882,0.062216401677514251,0.93815616047910544,16.666666666666664
24,0.98000000000000009,4,20,0.53195728943542464,0.28597822013685181,0.99469984161191671,16.166666666666664
24,0.98000000000000009,5,25,0.32441720812432684,0.10950711738589695,0.97975898747411394,19.583333333333332
24,0.98000000000000009,6,30,0.37293986455274547,0.14235987224013508,0.98822392831086214,15.25
24,0.98000000000000009,7,35,0.42734740916535868,0.18775977192524415,0.98594403535365449,15.583333333333332
24,0.98000000000000009,8,40,0.57854070384114042,0.33595970481641968,0.99813217224084672,15.416666666666666
24,0.98000000000000009,9,45,0.38966261888508585,0.15570599104879659,0.98725924643064034,16.416666666666664
24,0.98000000000000009,10,50,0.23176283770441114,0.073785455828264027,0.81316381155897099,18
24,0.98000000000000009,11,55,0.1474903451133035,0.043877395834387344,0.49148197526115134,16.166666666666664
24,0.98000000000000009,12,60,0.086070583533829112,0.017824862022706764,0.29694166482178946,18.833333333333332
24,0.98000000000000009,13,65,0.25887199735124522,0.073523660457806617,0.95143641338722296,14.916666666666666
24,0.98000000000000009,14,70,0.18084946265115615,0.040996907317297743,0.8732610942333634,16.333333333333332
24,0.98000000000000009,15,75,0.27699719066021733,0.1085841543263328,0.7924034140588283,14.333333333333332
24,0.98000000000000009,16,80,0.41197215238648333,0.17437290229360775,0.98629560731374144,16.083333333333332
24,0.98000000000000009,17,85,0.1691038136047624,0.058497098272624809,0.47718397383711764,15.5
24,0.98000000000000009,18,90,0.18961309639168858,0.052526444889734264,0.76951491759736368,17.75
24,0.98000000000000009,19,95,0.11512326755332891,0.026834218794145902,0.48764520229261255,17
24,0.98000000000000009,20,100,0.18749073078274442,0.07168098611878311,0.48043628285461815,16.833333333333332
24,0.98000000000000009,21,105,0.26373519122406563,0.087104062304256741,0.87385884849114248,16.5
24,0.98000000000000009,22,110,0.28124731556101928,0.099681189392180944,0.86990440442990391,15.083333333333332
24,0.98000000000000009,23,115,0.067772105175478756,0.0093372652188676054,0.48354595879911427,17.666666666666664
24,0.98000000000000009,24,120,0.10728214626916718,0.023756765341868959,0.46794603762343256,17.166666666666664
24,0.98000000000000009,25,125,0.1890298820602668,0.052752444726421648,0.76183802649815258,14.833333333333332
24,0.98000000000000009,26,130,0.5269694625051955,0.28075703885991649,0.99448999000335947,15.083333333333332
24,0.98000000000000009,27,135,0.49211917584632769,0.24409138647287748,0.99605645983106395,15
24,0.98000000000000009,28,140,0.16024969869644129,0.034053035158896794,0.83697273491969593,17.416666666666664
24,0.98000000000000009,29,145,0.17270151645742499,0.041168715546366391,0.80984757296492593,16.583333333333332
24,0.98000000000000009,30,150,0.45435979823334161,0.21478890215741869,0.9797859870978447,14.416666666666666
24,0.98000000000000009,31,155,0.3582903328187213,0.13878471799917766,0.95944303102627337,15.666666666666666
24,0.98000000000000009,32,160,0.33447475575072477,0.11697126083162918,0.9772157621112878,16.25
24,0.98000000000000009,33,165,0.29033808227615054,0.16391146247371621,0.52776484262464307,14.083333333333332
24,0.98000000000000009,34,170,0.45160991342113649,0.20885720534408819,0.98797338801260104,14.833333333333332
24,0.98000000000000009,35,175,0.34704529324857725,0.12573964333683146,0.97800071153040213,14.916666666666666
24,0.98000000000000009,36,180,0.34176487194419913,0.13227907608758238,0.93375247971334341,15.833333333333332
24,0.98000000000000009,37,185,0.32718509882040586,0.11359592860553984,0.96942627613256793,16.083333333333332
24,0.98000000000000009,38,190,0.084560524079102084,0.01719954740413647,0.29731556244668106,17.25
24,0.98000000000000009,39,195,0.10985244361579831,0.028186859453219672,0.33212261100956592,17.666666666666664
24,0.98000000000000009,40,200,0.24658816830032207,0.075531057987560921,0.87891491053321957,16.666666666666664
24,0.98000000000000009,41,205,0.15584447721176362,0.052552924673515723,0.41810762033480375,17.666666666666664
24,0.98000000000000009,42,210,0.096128347035376205,0.022137623837338975,0.3021620758444451,18.333333333333332
24,0.98000000000000009,43,215,0.2608519928893876,0.098412424176266722,0.77684462908477658,14.5
24,0.98000000000000009,44,220,0.34367093761344464,0.16461423900028652,0.80312996993568631,15.166666666666666
24,0.98000000000000009,45,225,0.50421860980883926,0.25687072633204627,0.99481915298641488,15.083333333333332
24,0.98000000000000009,46,230,0.40485630002194789,0.16676571187927006,0.99128450917382782,18.333333333333332
24,0.98000000000000009,47,235,0.18360346696985269,0.05680703017459604,0.65742157531010581,16.333333333333332
24,0.98000000000000009,48,240,0.090656542316923563,0.015986942610204738,0.52739360990874196,17.916666666666664
24,0.98000000000000009,49,245,0.072618164433014401,0.011953591546918555,0.36661389984854043,19.5
24,0.98000000000000009,50,250,0.30442155695331574,0.098416382826318982,0.96900968756003103,16.666666666666664
24,0.98000000000000009,51,255,0.074019579358943113,0.012973764875649916,0.31602426515079868,17.583333333333332
24,0.98000000000000009,52,260,0.09046662082570496,0.016464684966504169,0.49411879672355269,16.166666666666664
24,0.98000000000000009,53,265,0.31804858053904417,0.13055160051299783,0.85469462650197625,16
24,0.98000000000000009,54,270,0.16696077329617842,0.035543519361894635,0.86246866304151382,15.416666666666666
24,0.98000000000000009,55,275,0.25516716938502049,0.084360584404284081,0.8521715864872208,16.5
24,0.98000000000000009,56,280,0.32824196905144976,0.11862485736123174,0.94949978977927585,16
24,0.98000000000000009,57,285,0.12657297411932256,0.026524635265564568,0.67217706365926833,18.333333333333332
24,0.98000000000000009,58,290,0.24982416155001413,0.073101999742761145,0.91436046819745276,15.916666666666666
24,0.98000000000000009,59,295,0.42279239746718056,0.18298359726974397,0.98816753794625001,14.166666666666666
24,0.98000000000000009,60,300,0.5330175283052504,0.28580236593149144,0.99701753852947328,15.416666666666666
24,0.98000000000000009,61,305,0.39946788602514283,0.16796521206202061,0.97370941077372897,14.75
24,0.98000000000000009,62,310,0.36960582348244087,0.14710719143125842,0.96157365980880316,15
24,0.98000000000000009,63,315,0.25625660089763375,0.12416950697165474,0.55455811460771476,14
24,0.98000000000000009,64,320,0.23774603539164468,0.076332605352586416,0.8247672110909029,17.166666666666664
24,0.98000000000000009,65,325,0.38572299422269818,0.1528019450768138,0.98649127368445488,15
24,0.98000000000000009,66,330,0.42129285900913727,0.18202180918039571,0.9872268984929109,14.666666666666666
24,0.98000000000000009,67,335,0.56506871138405357,0.32062265192427719,0.99793299030732907,13.166666666666666
24,0.98000000000000009,68,340,0.47833000555588656,0.23456185867947862,0.98740761651227604,14.583333333333332
24,0.98000000000000009,69,345,0.53672036788382216,0.29006159206806642,0.99654103622159196,16.666666666666664
24,0.98000000000000009,70,350,0.32815263972029235,0.11947430138098294,0.94525589010532429,14.75
24,0.98000000000000009,71,355,0.30433528682309602,0.10054349617263232,0.95722558731013885,16.833333333333332
24,0.98000000000000009,72,360,0.44149280864149437,0.19794511350394503,0.99222943479594772,14.25
24,0.98000000000000009,73,365,0.21777673576661752,0.061330129562039981,0.85342200728724427,17.75
24,0.98000000000000009,74,370,0.39882786730123015,0.16467713072222481,0.98235466632300905,15.5
24,0.98000000000000009,75,375,0.30453952285019265,0.10523597671138883,0.93265541435926413,15.25
24,0.98000000000000009,76,380,0.45474323826934543,0.21385358413316585,0.98292440849573559,13.333333333333332
24,0.98000000000000009,77,385,0.2404096333383661,0.11443205687102524,0.5100483668430198,15.583333333333332
24,0.98000000000000009,78,390,0.17617188870773592,0.056798686559322027,0.58497054019235784,17.083333333333332
24,0.98000000000000009,79,395,0.21741111699959917,0.07413624042835712,0.71578152729896005,18.416666666666664
24,0.98000000000000009,80,400,0.31269584776508613,0.11292776876154396,0.92253386164838735,16.333333333333332
24,0.98000000000000009,81,405,0.4933195572622644,0.24509436896799427,0.99644527935272709,16.25
24,0.98000000000000009,82,410,0.54772577309360226,0.30119943392729381,0.99800683770927112,15.916666666666666
24,0.98000000000000009,83,415,0.42683461780727017,0.18520399033901946,0.9917222790713095,16.083333333333332
24,0.98000000000000009,84,420,0.25355312707187749,0.084137215509027238,0.8456347964407579,15.083333333333332
24,0.98000000000000009,85,425,0.51550856711138493,0.26986440001939116,0.99225713742576971,13.166666666666666
24,0.98000000000000009,86,430,0.34534659273326601,0.13158059196187918,0.94836541178235234,14.083333333333332
24,0.98000000000000009,87,435,0.22091471930115716,0.098406863625700294,0.49180140480894596,16.333333333333332
24,0.98000000000000009,88,440,0.10508863454331449,0.022007926413567892,0.50359102354189011,16.25
24,0.98000000000000009,89,445,0.45409842826835656,0.21184742608473872,0.98631935922569713,14.083333333333332
24,0.98000000000000009,90,450,0.21486411119584997,0.066307040636696193,0.78187195567623835,16
24,0.98000000000000009,91,455,0.52877183718432286,0.28170369916842014,0.99623739992969362,13.666666666666666
24,0.98000000000000009,92,460,0.64315181224156837,0.41451544334106311,0.9989469335740927,14
24,0.98000000000000009,93,465,0.42064261046567258,0.18257156240794301,0.98408683700508925,15.833333333333332
24,0.98000000000000009,94,470,0.48515213192985512,0.23734080840465085,0.99581893269892985,15.5
24,0.98000000000000009,95,475,0.17108118599155583,0.055044408348803836,0.55967342989053903,15.25
24,0.98000000000000009,96,480,0.27389640259624592,0.083967638055418542,0.94035930797772327,19
24,0.98000000000000009,97,485,0.36621061912710484,0.13838423291664917,0.98406528811560134,17.5
24,0.98000000000000009,98,490,0.43378366853163225,0.19450720031607718,0.98315622183598439,15.416666666666666
24,0.98000000000000009,99,495,0.57284672221054023,0.32964495550123052,0.99772729994082165,14.166666666666666
24,0.98000000000000009,100,500,0.30807022592277905,0.11425280037889415,0.89808189888196788,14.75
24,0.98000000000000009,101,505,0.43110599967175345,0.19510884448974741,0.97509727508011745,14.333333333333332
24,0.98000000000000009,102,510,0.21480073475600847,0.053567797113697795,0.9194999436267639,16
24,0.98000000000000009,103,515,0.40501624791206597,0.16956507951378363,0.98315355888876432,16.166666666666664
24,0.98000000000000009,104,520,0.33398400901272679,0.11671404628856422,0.97683126422414257,17.333333333333332
24,0.98000000000000009,105,525,0.30392171339895102,0.12335743750989096,0.83225309200763353,15.5
24,0.98000000000000009,106,530,0.4296884010097427,0.19056523391018407,0.98393261182069447,16.166666666666664
24,0.98000000000000009,107,535,0.25950358701469955,0.071496411898455209,0.96915525722521634,19.416666666666664
24,0.98000000000000009,108,540,0.16244439624141599,0.043742454921563881,0.67117338480036248,17.5
24,0.98000000000000009,109,545,0.24168984309268751,0.064892170322582737,0.94454931815785148,16.25
24,0.98000000000000009,110,550,0.43214629911124292,0.20392953513812556,0.95400516114033029,14.333333333333332
24,0.98000000000000009,111,555,0.49017555823724529,0.24241000608065408,0.99555102655663263,16.916666666666664
24,0.98000000000000009,112,560,0.22302242751341733,0.094544060617634026,0.5495983575813026,16.25
24,0.98000000000000009,113,565,0.46551612554969107,0.22146129243513366,0.98902650258864233,14.916666666666666
24,0.98000000000000009,114,570,0.22833458459064196,0.10488529042781544,0.49413152738269722,16.333333333333332
24,0.98000000000000009,115,575,0.15542546639332788,0.039456987809770354,0.68332441274644085,16.833333333333332
24,0.98000000000000009,116,580,0.1759808029632019,0.0588460815410645,0.54992702729166565,16.833333333333332
24,0.98000000000000009,117,585,0.48566924551206814,0.23913144584612106,0.99309626897419323,14.666666666666666
24,0.98000000000000009,118,590,0.59404548503038324,0.35436735932797192,0.99790682523914764,15.25
24,0.98000000000000009,119,595,0.5572307929840763,0.31702992969976673,0.98949493768417474,14.25
24,0.98000000000000009,120,600,0.55675125919911772,0.31153809607954713,0.99747375305107844,14.75
24,0.98000000000000009,121,605,0.52937353403300447,0.28641538958914786,0.98897528584824757,12.916666666666666
24,0.98000000000000009,122,610,0.5406433709228281,0.293860598933955,0.99732232325544956,16.333333333333332
24,0.98000000000000009,123,615,0.28001860799221473,0.14487408953338926,0.57618089525078553,17.333333333333332
24,0.98000000000000009,124,620,0.12760904563697181,0.034379114426463561,0.4443941983371662,15.666666666666666
24,0.98000000000000009,125,625,0.27510679065125393,0.091928589234871738,0.8926794472084536,16
24,0.98000000000000009,126,630,0.56266928613212486,0.31918107728065487,0.99591854318821882,15
24,0.98000000000000009,127,635,0.41507969551064683,0.17607595046231053,0.98901627635121536,16.333333333333332
24,0.98000000000000009,128,640,0.35920468318690763,0.14581655601350263,0.93494221791184118,16
24,0.98000000000000009,129,645,0.083241661098717903,0.015878965546407487,0.35419494301102322,16.083333333333332
24,0.98000000000000009,130,650,0.35180071924884132,0.13217479193181253,0.96601975079414271,16.916666666666664
24,0.98000000000000009,131,655,0.22176865957441899,0.09895686852232588,0.4939591743214326,16.25
24,0.98000000000000009,132,660,0.50536548334269149,0.25928824550125429,0.99237654446923163,15.083333333333332
24,0.98000000000000009,133,665,0.31411252824644609,0.1144727942939011,0.9199014610189189,14.833333333333332
24,0.98000000000000009,134,670,0.47477202997540857,0.22924144827021478,0.99149772933200209,15.25
24,0.98000000000000009,135,675,0.56464941716741457,0.32024198448263808,0.99778404672516785,15.333333333333332
24,0.98000000000000009,136,680,0.46620213147209733,0.22241566665924706,0.9883336340134431,14.416666666666666
24,0.98000000000000009,137,685,0.49500149503852853,0.24708741262631484,0.99579446977490704,16.166666666666664
24,0.98000000000000009,138,690,0.33802565725949718,0.13030973710486723,0.92977330984521678,15.083333333333332
24,0.98000000000000009,139,695,0.16020317374903409,0.035792449302700119,0.80270076019937397,15.916666666666666
24,0.98000000000000009,140,700,0.27470980915036436,0.081294450087952302,0.96137988585668344,16.916666666666664
24,0.98000000000000009,141,705,0.29327740939044455,0.094029946669855508,0.95338823955993335,17.416666666666664
24,0.98000000000000009,142,710,0.21920491799616987,0.057595677013530668,0.90067926319907654,17.666666666666664
24,0.98000000000000009,143,715,0.41425091151013388,0.17668305350615629,0.98520069108123065,15.333333333333332
24,0.98000000000000009,144,720,0.13753152380610753,0.025387213554921802,0.82891036545072372,19.5
24,0.98000000000000009,145,725,0.15397610760025252,0.036457876523648527,0.73112684043769671,18.583333333333332
24,0.98000000000000009,146,730,0.05471310535656787,0.0068623558902130575,0.35379971488609718,18.083333333333332
24,0.98000000000000009,147,735,0.1378021306489198,0.039534072446900916,0.45905042298472248,17.083333333333332
24,0.98000000000000009,148,740,0.42052043840791248,0.18742124764233836,0.97007475177118407,15.833333333333332
24,0.98000000000000009,149,745,0.14697629430686013,0.041114036204130525,0.54837568198313824,16.833333333333332
24,0.98000000000000009,150,750,0.52623477907210714,0.2794242509796106,0.99548392894627213,13.166666666666666
24,0.98000000000000009,151,755,0.51873922379875204,0.27111359217321601,0.99624064998433581,15.583333333333332
24,0.98000000000000009,152,760,0.34605668131912343,0.12962953846935343,0.95877294020046744,17.083333333333332
24,0.98000000000000009,153,765,0.33233997603913829,0.11753619808829131,0.96792056397567328,16.083333333333332
24,0.98000000000000009,154,770,0.4823580668673505,0.23670817003091082,0.99132058832471048,13.5
24,0.98000000000000009,155,775,0.39326916514665333,0.16101307710666468,0.9794632913541127,16.666666666666664
24,0.98000000000000009,156,780,0.19267032652618241,0.056390195297900889,0.74047174208283151,17
24,0.98000000000000009,157,785,0.081867397011542456,0.015420219679588662,0.34962720957623561,16.666666666666664
24,0.98000000000000009,158,790,0.15789231744909213,0.035088559086166392,0.79625788741739079,17
24,0.98000000000000009,159,795,0.19174500741296197,0.06441041180633808,0.62405275584018127,17.25
24,0.98000000000000009,160,800,0.3018174228666935,0.097725294807869303,0.96360047988538011,15.916666666666666
24,0.98000000000000009,161,805,0.37889875955727859,0.14830475083181771,0.9834900395552113,16.583333333333332
24,0.98000000000000009,162,810,0.17425370915880486,0.054083501796452146,0.60942449593770998,17.083333333333332
24,0.98000000000000009,163,815,0.40068159211854493,0.16236626226253437,0.99433020141305783,15.666666666666666
24,0.98000000000000009,164,820,0.3635715371616266,0.13747239288023655,0.97999712620553059,15.083333333333332
24,0.98000000000000009,165,825,0.55406390576417641,0.30879497173841403,0.99705498738216203,14.75
24,0.98000000000000009,166,830,0.55750308143988847,0.31212458026771067,0.99788472735447109,15.5
24,0.98000000000000009,167,835,0.21273911304751894,0.086385287169904817,0.54563369613329726,16.666666666666664
24,0.98000000000000009,168,840,0.23987607580461123,0.082979591333566916,0.77894660668428251,15.916666666666666
24,0.98000000000000009,169,845,0.13065056428251659,0.0253250028625116,0.7581827503375953,18.333333333333332
24,0.98000000000000009,170,850,0.068270970892658767,0.0094762151798564592,0.48344060125942423,17.916666666666664
24,0.98000000000000009,171,855,0.11729766324268799,0.021956554765624008,0.70208711373153654,17.5
24,0.98000000000000009,172,860,0.18488440538887574,0.045041171241889194,0.84116127527385387,17.583333333333332
24,0.98000000000000009,173,865,0.10336928265623703,0.024224226162188136,0.36645983826205447,17.583333333333332
24,0.98000000000000009,174,870,0.14851843725063438,0.039624814549702021,0.60179285515732384,15.833333333333332
24,0.98000000000000009,175,875,0.19958577366676614,0.077749599427032523,0.52409172433894291,16.5
24,0.98000000000000009,176,880,0.36422761208810717,0.13962281892465478,0.9737638568070458,16.666666666666664
24,0.98000000000000009,177,885,0.2255024944608186,0.072323764940823126,0.78887109808366263,15.833333333333332
24,0.98000000000000009,178,890,0.30151231700537073,0.10424987533007155,0.92662938413459939,16.083333333333332
24,0.98000000000000009,179,895,0.29064193318208664,0.11361779311672866,0.82748835839617918,15.666666666666666
24,0.98000000000000009,180,900,0.46124164220671054,0.21679754181790525,0.99047284030861382,15.583333333333332
24,0.98000000000000009,181,905,0.5694051388654302,0.32648759495991714,0.99650643492557056,14.25
24,0.98000000000000009,182,910,0.47221015163756225,0.22575516969040343,0.99378259889290621,16.083333333333332
24,0.98000000000000009,183,915,0.35344952785645845,0.14316414045393755,0.9270068333115935,16.5
24,0.98000000000000009,184,920,0.33369466362609163,0.11672362772718878,0.97588057244415805,16.75
24,0.98000000000000009,185,925,0.45252606191385286,0.20840347036141657,0.99115236707785415,14.666666666666666
24,0.98000000000000009,186,930,0.16781255142283125,0.053778043705458432,0.54516985173578925,18.666666666666664
24,0.98000000000000009,187,935,0.37113348299582177,0.14302731117605927,0.98080714902049049,15.25
24,0.98000000000000009,188,940,0.2897069552873715,0.098493041781437862,0.91324376844901756,16.333333333333332
24,0.98000000000000009,189,945,0.17634456087296579,0.044177278422283701,0.78969507856777754,16.75
24,0.98000000000000009,190,950,0.40586428198153612,0.16888110118306571,0.98738726597018023,15.416666666666666
24,0.98000000000000009,191,955,0.29384236241627482,0.09296866214480469,0.96163381762490807,17.083333333333332
24,0.98000000000000009,192,960,0.45792304696754116,0.2133129085442878,0.99136980567401889,14.75
24,0.98000000000000009,193,965,0.22482476418533409,0.083674984865245175,0.67229161709738283,15.25
24,0.98000000000000009,194,970,0.48370436881375928,0.23570474198638133,0.99629263111367794,15.666666666666666
24,0.98000000000000009,195,975,0.41477884878451526,0.17588165815212997,0.98883942275420778,17.333333333333332
24,0.98000000000000009,196,980,0.065136658387817153,0.010840641890052835,0.2224613354606223,17.416666666666664
24,0.98000000000000009,197,985,0.3508607078288834,0.12912199137443303,0.97555403392617124,18.083333333333332
24,0.98000000000000009,198,990,0.20204501384308854,0.062120747094296234,0.73913010647173649,17.833333333333332
24,0.98000000000000009,199,995,0.37676982119120811,0.14682874860163059,0.98283528815605525,17.25
24,0.98000000000000009,200,1000,0.49154952662054124,0.24468905804828187,0.99365096219730997,14.916666666666666
24,0.98000000000000009,201,1005,0.3790616109520305,0.14979555327848679,0.9787460994477809,16.166666666666664
24,0.98000000000000009,202,1010,0.2575225783125063,0.071614929014436807,0.96006317748510261,16.5
24,0.98000000000000009,203,1015,0.18115032196519759,0.052710355288127661,0.69686652599332966,15.416666666666666
24,0.98000000000000009,204,1020,0.42013523959894117,0.18040474310201118,0.98897783763369551,15.916666666666666
24,0.98000000000000009,205,1025,0.26503466218188543,0.084244293243329424,0.90033991353662957,17.833333333333332
24,0.98000000000000009,206,1030,0.35714647169933156,0.13726078929004087,0.96194859701437263,15.166666666666666
24,0.98000000000000009,207,1035,0.47686579794550332,0.23033779806868765,0.99354266481388365,14.166666666666666
24,0.98000000000000009,208,1040,0.38303018365551866,0.15088442586611053,0.98578064228886131,15.833333333333332
24,0.98000000000000009,209,1045,0.31233110585863882,0.10985231582158798,0.9369476915485937,17
24,0.98000000000000009,210,1050,0.28764933507455587,0.091421502282102066,0.9475517413706176,17.583333333333332
24,0.98000000000000009,211,1055,0.28466426988014237,0.11879700430388088,0.7669905479696314,16.333333333333332
24,0.98000000000000009,212,1060,0.52733712646860109,0.27958614570679124,0.9972999195354344,15.833333333333332
24,0.98000000000000009,213,1065,0.39154774617390653,0.1683637977405546,0.95090275977150085,15.5
24,0.98000000000000009,214,1070,0.43646443281599145,0.19487099133444447,0.98853080664184767,15.5
24,0.98000000000000009,215,1075,0.45399069917119306,0.20898885747558438,0.99301019668454416,15.833333333333332
24,0.98000000000000009,216,1080,0.27430128286380734,0.083184214484573166,0.94721627671810715,17
24,0.98000000000000009,217,1085,0.20873467340579069,0.048098358531552816,0.94803560227575923,16.583333333333332
24,0.98000000000000009,218,1090,0.38888536755164266,0.16140103871280465,0.96637873892741133,15.75
24,0.98000000000000009,219,1095,0.18058599033458927,0.056036114730363316,0.6408481892259974,14.75
24,0.98000000000000009,220,1100,0.42743123824584733,0.18500255196786647,0.99369151465972105,16.583333333333332
24,0.98000000000000009,221,1105,0.23370296426983195,0.088606842207340206,0.68883571316867642,16.916666666666664
24,0.98000000000000009,222,1110,0.30398905815172989,0.11595085899523956,0.87262375418577665,15.75
24,0.98000000000000009,223,1115,0.14446577880662362,0.042281528984934161,0.48704367197707432,18.083333333333332
24,0.98000000000000009,224,1120,0.19434246191058452,0.049020993357244594,0.85104181882346275,17
24,0.98000000000000009,225,1125,0.14135719049741852,0.036428194034988641,0.58846817579337551,18.166666666666664
24,0.98000000000000009,226,1130,0.4790147522180947,0.23388176538662381,0.99035403460096405,15.416666666666666
24,0.98000000000000009,227,1135,0.23487929253916906,0.090630747621740851,0.67859733680764944,14.5
24,0.98000000000000009,228,1140,0.43769288939839179,0.19676407625018894,0.98645697755960193,14.666666666666666
24,0.98000000000000009,229,1145,0.56592577151385037,0.32167997856315245,0.99780186873575116,14.083333333333332
24,0.98000000000000009,230,1150,0.21766702553782238,0.093704339890436736,0.51111810707249283,15.416666666666666
24,0.98000000000000009,231,1155,0.14830632216584808,0.044250957706796885,0.49405705594567378,17
24,0.98000000000000009,232,1160,0.50560022984632857,0.25858837972570931,0.99421670209646196,15.916666666666666
24,0.98000000000000009,233,1165,0.53681411763883657,0.2906750402376469,0.99565248189386102,14.166666666666666
24,0.98000000000000009,234,1170,0.35436598544496239,0.13196532747110831,0.97455678667868095,16.083333333333332
24,0.98000000000000009,235,1175,0.46361533033674729,0.21782054806230888,0.99329723503068101,15.333333333333332
24,0.98000000000000009,236,1180,0.1248414204574199,0.037656471167314111,0.29192966309756524,18
24,0.98000000000000009,237,1185,0.13869732541348917,0.028505886080079788,0.75908501789906357,19.083333333333332
24,0.98000000000000009,238,1190,0.13520282799911759,0.025319062702402979,0.80745806316396562,18.083333333333332
24,0.98000000000000009,239,1195,0.20532011670865644,0.083778839078840789,0.50633192351274281,17
24,0.98000000000000009,240,1200,0.27307177287804485,0.081934534286344965,0.95060668072321519,18.583333333333332
24,0.98000000000000009,241,1205,0.1578955074879711,0.043834482371857025,0.6208836850696231,16.916666666666664
24,0.98000000000000009,242,1210,0.38517896875445784,0.15579650137795636,0.97494769071256782,15.75
24,0.98000000000000009,243,1215,0.16128268230364567,0.05319790210780416,0.47743944697368174,16.666666666666664
24,0.98000000000000009,244,1220,0.29563103496066462,0.10207356138688171,0.91603983244461773,14.166666666666666
24,0.98000000000000009,245,1225,0.27738718760661407,0.082377107411927997,0.96469198281404012,15.75
24,0.98000000000000009,246,1230,0.39379563358755598,0.16094955484237031,0.98105899155045062,17.5
24,0.98000000000000009,247,1235,0.48634041228777392,0.24246688914519235,0.98744352102354982,14.5
24,0.98000000000000009,248,1240,0.44639492452577345,0.20110376767048216,0.99539480729432284,14.75
24,0.98000000000000009,249,1245,0.41218626493042199,0.17457706913384263,0.98622830922059568,16.833333333333332
24,0.98000000000000009,250,1250,0.14151745640183086,0.031922875314279398,0.70301164140405215,18
24,0.98000000000000009,251,1255,0.090302980648433923,0.016317664491474548,0.49948447291722309,17.583333333333332
24,0.98000000000000009,252,1260,0.087722765993952997,0.016140250259644839,0.4512894557120633,18.166666666666664
24,0.98000000000000009,253,1265,0.1345767034323764,0.035891038099597775,0.50913097396557361,19.083333333333332
24,0.98000000000000009,254,1270,0.50079450074833687,0.25283828609697417,0.99592664717797841,17.5
24,0.98000000000000009,255,1275,0.42124242653291111,0.18166301359949419,0.98811511351639081,15.333333333333332
24,0.98000000000000009,256,1280,0.45104936638430393,0.2053200381994541,0.99539309790847907,17.833333333333332
24,0.98000000000000009,257,1285,0.29606656863259312,0.10725895453719965,0.8881783748969212,16
24,0.98000000000000009,258,1290,0.55800290429888799,0.31437296709765139,0.99517334277039626,15.083333333333332
24,0.98000000000000009,259,1295,0.49078935913265342,0.24509729558962043,0.99123380453618881,14.75
24,0.98000000000000009,260,1300,0.33529691368768066,0.12056782861586574,0.9637808349871011,16.916666666666664
24,0.98000000000000009,261,1305,0.3784126542993046,0.14925870810469741,0.97883123350718171,15.916666666666666
24,0.98000000000000009,262,1310,0.47237016884766925,0.22569431914635596,0.99426186150399709,15.583333333333332
24,0.98000000000000009,263,1315,0.15496223412301777,0.049598900900698878,0.46726161576131464,16.5
24,0.98000000000000009,264,1320,0.23419558692366593,0.10347473636332383,0.55670633332438557,15
24,0.98000000000000009,265,1325,0.29499792065506897,0.10031990183581137,0.92360634251147111,17.75
24,0.98000000000000009,266,1330,0.28883528483683224,0.087103706511882789,0.97795715602663946,16.833333333333332
24,0.98000000000000009,267,1335,0.16968886108026454,0.043016937457561584,0.75303057977586718,17.75
24,0.98000000000000009,268,1340,0.29617977902719195,0.096314652320697525,0.95102627839706111,17.083333333333332
24,0.98000000000000009,269,1345,0.46855999395573672,0.22402533289754673,0.98980438122880499,15
24,0.98000000000000009,270,1350,0.37718417321276959,0.14653381416215192,0.98500746259594363,16.75
24,0.98000000000000009,271,1355,0.405997365641871,0.17082321865944392,0.98183213777100486,15.333333333333332
24,0.98000000000000009,272,1360,0.42824178521798284,0.18636183892500754,0.99190033347516482,16.416666666666664
24,0.98000000000000009,273,1365,0.46355666387958999,0.21861764946346982,0.9913142549570062,15.75
24,0.98000000000000009,274,1370,0.43577009548648038,0.19281937680734715,0.99230155660604036,15.833333333333332
24,0.98000000000000009,275,1375,0.49216961751680927,0.2452308599501398,0.99380771168716531,14.916666666666666
24,0.98000000000000009,276,1380,0.38227179335342748,0.15256629321868054,0.97798366758023492,15.75
24,0.98000000000000009,277,1385,0.41428521928502998,0.17972906802819991,0.97641228427568605,16.083333333333332
24,0.98000000000000009,278,1390,0.065569158299796801,0.011130255726189092,0.20557786897889196,17.583333333333332
24,0.98000000000000009,279,1395,0.42438702647328447,0.18251383958843981,0.99331084625894661,16.583333333333332
24,0.98000000000000009,280,1400,0.30401190490082236,0.096391514806786011,0.97853204152207574,18.916666666666664
24,0.98000000000000009,281,1405,0.45368550972824129,0.20811436356809343,0.99445217942040576,16.416666666666664
24,0.98000000000000009,282,1410,0.25004332020102477,0.067845954980427003,0.95742041370221009,16.416666666666664
24,0.98000000000000009,283,1415,0.39647685636212204,0.16051623668398976,0.98943235359873083,16.5
24,0.98000000000000009,284,1420,0.20824561323847599,0.079460044400339519,0.5838489483024476,16
24,0.98000000000000009,285,1425,0.40935232242727709,0.17266840220118237,0.98478516769473923,16.166666666666664
24,0.98000000000000009,286,1430,0.57430924514108261,0.33105329235642345,0.99814725890258393,14.25
24,0.98000000000000009,287,1435,0.56671036149015264,0.32347931149837827,0.99639015895177219,14.25
24,0.98000000000000009,288,1440,0.40973520901604615,0.18561567577437135,0.9471872064316782,14.5
24,0.98000000000000009,289,1445,0.55173932794883829,0.30792221952670068,0.99424154737699821,13.833333333333332
24,0.98000000000000009,290,1450,0.38882602264311716,0.15410087129340103,0.9903588901796393,15.333333333333332
24,0.98000000000000009,291,1455,0.082825359159932249,0.015785102479826691,0.34948905518269452,16.916666666666664
24,0.98000000000000009,292,1460,0.23598466155466152,0.064512053135521774,0.92078031034479868,16.083333333333332
24,0.98000000000000009,293,1465,0.12095561262260962,0.031467312208958716,0.42458125401694385,16.166666666666664
24,0.98000000000000009,294,1470,0.15362344696528768,0.048030823109997733,0.48240486349807843,17.583333333333332
24,0.98000000000000009,295,1475,0.47426683562020411,0.22704829698334539,0.9952890349430592,17.583333333333332
24,0.98000000000000009,296,1480,0.57877860562194794,0.33673677474307823,0.99738480510948924,14.75
24,0.98000000000000009,297,1485,0.41993897951490622,0.18118280729969652,0.9862940313464702,15.833333333333332
24,0.98000000000000009,298,1490,0.24079014437919524,0.069573356952274928,0.90002169203625604,17.75
24,0.98000000000000009,299,1495,0.11513004757627611,0.028270021143914137,0.43360335667801542,17.666666666666664
24,0.98000000000000009,300,1500,0.3569200339623026,0.13166812461567376,0.98321630490344003,16.333333333333332
24,0.98000000000000009,301,1505,0.43392498593319739,0.19147231898564268,0.99155183367931343,17.583333333333332
24,0.98000000000000009,302,1510,0.4967701959208381,0.24953289226407838,0.99442366133817672,14.833333333333332
24,0.98000000000000009,303,1515,0.17300183812549252,0.055006937232156952,0.58106237507005543,15.583333333333332
24,0.98000000000000009,304,1520,0.18462919597468161,0.05206516031862933,0.73631113659153447,16.25
24,0.98000000000000009,305,1525,0.23030424337986138,0.070941787250288296,0.83124314002807254,17.5
24,0.98000000000000009,306,1530,0.30199633396754999,0.12148857059773296,0.83395728150757287,17
24,0.98000000000000009,307,1535,0.22140340588978774,0.068509406548626028,0.80120206166329355,16.333333333333332
24,0.98000000000000009,308,1540,0.15434173248630739,0.049352496816423043,0.46411297891545039,16.5
24,0.98000000000000009,309,1545,0.22395474741120544,0.070444790396299167,0.79773934146603764,17.75
24,0.98000000000000009,310,1550,0.27273314553623901,0.093966692497404941,0.86836221475046804,15.333333333333332
24,0.98000000000000009,311,1555,0.43841070945211236,0.19471144795452466,0.99347698684105423,15.333333333333332
24,0.98000000000000009,312,1560,0.49355114445139314,0.24644007334147039,0.99415552934071538,15.5
24,0.98000000000000009,313,1565,0.1045613646519164,0.020767173234985462,0.5502596168463153,16.583333333333332
24,0.98000000000000009,314,1570,0.42152963344847594,0.18076360054910193,0.99134330407022142,16.083333333333332
24,0.98000000000000009,315,1575,0.35711628841159426,0.13642885069571886,0.96511932606799111,15.416666666666666
24,0.98000000000000009,316,1580,0.38316025457502007,0.1624357726970965,0.94678903852913754,17.916666666666664
24,0.98000000000000009,317,1585,0.21634380358022548,0.077918823748339486,0.66761648519284222,16.583333333333332
24,0.98000000000000009,318,1590,0.43535198449133666,0.19188420237523049,0.99379297417099322,14.916666666666666
24,0.98000000000000009,319,1595,0.26920944654413653,0.10864105876589361,0.75047969381967938,14.75
24,0.98000000000000009,320,1600,0.51017767063629516,0.26213573258692513,0.99643755181935589,14.833333333333332
24,0.98000000000000009,321,1605,0.42784324886499037,0.18959725344448655,0.98211577883691015,15.333333333333332
24,0.98000000000000009,322,1610,0.20589798012229446,0.058721417256571637,0.80743209620477796,16.333333333333332
24,0.98000000000000009,323,1615,0.31081646353946824,0.10203562602836803,0.9719028688332112,17.166666666666664
24,0.98000000000000009,324,1620,0.32269828017919289,0.10841180336701141,0.97946100245306011,18.833333333333332
24,0.98000000000000009,325,1625,0.30483554731604834,0.10020293580708209,0.96083805465451333,17.416666666666664
24,0.98000000000000009,326,1630,0.37326394679075814,0.14235536084300671,0.98912842026942449,16.333333333333332
24,0.98000000000000009,327,1635,0.20708683041715556,0.060200170421513502,0.79812016877304404,16.916666666666664
24,0.98000000000000009,328,1640,0.25679362941580663,0.072890302522582134,0.9473231595929672,16.416666666666664
24,0.98000000000000009,329,1645,0.28116196280902189,0.090486555599478075,0.92767735709776877,16.083333333333332
24,0.98000000000000009,330,1650,0.25715629746594632,0.12865175195176837,0.52727208178540608,15.25
24,0.98000000000000009,331,1655,0.30842469245597692,0.10439351401158314,0.95128701162049722,16.666666666666664
24,0.98000000000000009,332,1660,0.40141165518647237,0.16597214144457342,0.98497863538393604,16.666666666666664
24,0.98000000000000009,333,1665,0.20382993110373776,0.048933993960983226,0.91109566257901808,16.25
24,0.98000000000000009,334,1670,0.30416371585504348,0.10190649062654857,0.94924678632208892,16.666666666666664
24,0.98000000000000009,335,1675,0.13347482065144134,0.039013156466701171,0.40507996679401109,16.416666666666664
24,0.98000000000000009,336,1680,0.15157467679684275,0.041675995143245936,0.5930096186937498,17.083333333333332
24,0.98000000000000009,337,1685,0.39701834374469064,0.16501261969176365,0.97656107318299856,15.5
24,0.98000000000000009,338,1690,0.33633653311300149,0.12545901192523207,0.94547161612420805,16.5
24,0.98000000000000009,339,1695,0.1741725069008026,0.049430335612971034,0.6852875407479786,16.416666666666664
24,0.98000000000000009,340,1700,0.50713647860421385,0.26101102614237093,0.99256647469242887,15.25
24,0.98000000000000009,341,1705,0.51514985205619235,0.26717319080802843,0.99662027094642924,14.666666666666666
24,0.98000000000000009,342,1710,0.35611901246317768,0.13370375154452907,0.97286327178140031,16.5
24,0.98000000000000009,343,1715,0.19901253007435762,0.076958224227106492,0.52845213804271296,15.833333333333332
24,0.98000000000000009,344,1720,0.3067745122681465,0.10054524334982816,0.96581340530028204,17.333333333333332
24,0.98000000000000009,345,1725,0.18454978891852955,0.042709375975948746,0.87300204441246076,17.333333333333332
24,0.98000000000000009,346,1730,0.15857118814156621,0.032701313700005431,0.84974059313404149,19.5
24,0.98000000000000009,347,1735,0.28499879020073265,0.10104259295053203,0.87800276522399467,16.333333333333332
24,0.98000000000000009,348,1740,0.21446636590592069,0.056054479352007379,0.89065683809089635,17.083333333333332
24,0.98000000000000009,349,1745,0.27219907273443422,0.096177460720925964,0.85096214429890471,16.166666666666664
24,0.98000000000000009,350,1750,0.14150425294920307,0.029961809531682936,0.75183212331501081,16.5
24,0.98000000000000009,351,1755,0.20835825008837272,0.076435506460541786,0.61967355299995042,16.166666666666664
24,0.98000000000000009,352,1760,0.37001660672090297,0.1404873341752487,0.98694403203101488,16.333333333333332
24,0.98000000000000009,353,1765,0.43169403156102554,0.19181082308844577,0.98537482855970726,16
24,0.98000000000000009,354,1770,0.19959457818358523,0.050818032563955957,0.86219139859825344,16.416666666666664
24,0.98000000000000009,355,1775,0.22077576056745593,0.058931902599292943,0.89547023685915639,16.916666666666664
24,0.98000000000000009,356,1780,0.091410691329433483,0.019406243774462133,0.33877199801084423,18.166666666666664
24,0.98000000000000009,357,1785,0.069993081683071709,0.012325766008918949,0.24202012678939477,18
24,0.98000000000000009,358,1790,0.22450546022483842,0.060469181029877722,0.90013948632291518,16.166666666666664
24,0.98000000000000009,359,1795,0.16848584415830659,0.042883034016334039,0.74468402096431174,14.333333333333332
24,0.98000000000000009,360,1800,0.16322218377739439,0.035606195086541427,0.83175271456849131,16
24,0.98000000000000009,361,1805,0.30010264850060953,0.098998130594515413,0.95038656323312942,16.083333333333332
24,0.98000000000000009,362,1810,0.48839927913507991,0.24564604827713671,0.98509185961917445,15.75
24,0.98000000000000009,363,1815,0.41276500008184874,0.17512393872863413,0.98606311089957932,17.083333333333332
24,0.98000000000000009,364,1820,0.14194652443722655,0.036741689025255792,0.58824197435946513,15.416666666666666
24,0.98000000000000009,365,1825,0.48222766895185931,0.236694967779114,0.99107383643196101,15.083333333333332
24,0.98000000000000009,366,1830,0.24130148002983107,0.11144905006378378,0.54296812183912757,15
24,0.98000000000000009,367,1835,0.22311048466638911,0.061073181030575449,0.88654800081726792,15
24,0.98000000000000009,368,1840,0.40203734131074714,0.1724721660104368,0.96647320302103434,15.25
24,0.98000000000000009,369,1845,0.12407692454489054,0.027215546282570956,0.6160961613191156,16.666666666666664
24,0.98000000000000009,370,1850,0.29836088824595047,0.09442694999398904,0.96962605164786442,19.083333333333332
24,0.98000000000000009,371,1855,0.25143506330776233,0.089087224268134146,0.79541442159307274,15.583333333333332
24,0.98000000000000009,372,1860,0.46111361197436729,0.21525030032952328,0.99382827098979409,14.916666666666666
24,0.98000000000000009,373,1865,0.14471533684780349,0.031756310591476954,0.74182244136767506,18.583333333333332
24,0.98000000000000009,374,1870,0.16047716248654847,0.047163426969959406,0.58430912773214527,16.583333333333332
24,0.98000000000000009,375,1875,0.13235398609144439,0.024696465635653399,0.79509472852841845,16.416666666666664
24,0.98000000000000009,376,1880,0.4050604022733727,0.17167711071150438,0.97683001423420102,15.5
24,0.98000000000000009,377,1885,0.52852445143027105,0.28223631985051151,0.9948123364932363,15.583333333333332
24,0.98000000000000009,378,1890,0.091020844124023684,0.01992479388024182,0.29750819852623511,17.25
24,0.98000000000000009,379,1895,0.3613122957995008,0.14013099667623921,0.963291179514698,17.75
24,0.98000000000000009,380,1900,0.33892940550794437,0.11733996664905225,0.9892628307631508,18.166666666666664
24,0.98000000000000009,381,1905,0.36857688668599431,0.14124569848961485,0.98013684232862552,16
24,0.98000000000000009,382,1910,0.39927406285314343,0.16316064521165929,0.98826724008611544,15.916666666666666
24,0.98000000000000009,383,1915,0.13960405576757354,0.041039882819657085,0.44711716553787501,16.666666666666664
24,0.98000000000000009,384,1920,0.20146705184588212,0.058318678140419203,0.78159455808459377,16
24,0.98000000000000009,385,1925,0.21295873867937612,0.058778334127454493,0.8519681583199471,15.916666666666666
24,0.98000000000000009,386,1930,0.29900771890035782,0.17285638429749914,0.5333024249227416,15
24,0.98000000000000009,387,1935,0.46221990227783466,0.2203635559778038,0.98428175815188368,16.416666666666664
24,0.98000000000000009,388,1940,0.23895609125889569,0.11440613415986176,0.4981952100569742,16.75
24,0.98000000000000009,389,1945,0.45861863779867179,0.21233909557533637,0.99522647609114334,15.833333333333332
24,0.98000000000000009,390,1950,0.49769592025242826,0.25012874057155493,0.99509992028482919,14.333333333333332
24,0.98000000000000009,391,1955,0.20009573192673194,0.05715947776165449,0.78619003555608769,17.416666666666664
24,0.98000000000000009,392,1960,0.51764155021599956,0.27091996012922648,0.9944632302751315,14.75
24,0.98000000000000009,393,1965,0.29191373951917926,0.13362485784955067,0.71594200493790816,15.25
24,0.98000000000000009,394,1970,0.091481302993340841,0.019003605724305022,0.36461975836444888,17.083333333333332
24,0.98000000000000009,395,1975,0.054755293696625677,0.0061151618763260933,0.48017480605119273,19.166666666666664
24,0.98000000000000009,396,1980,0.37401313215642606,0.14990093993668935,0.96420253069745931,16.166666666666664
24,0.98000000000000009,397,1985,0.21172249557111172,0.074755387437989776,0.6661681263183743,14.75
24,0.98000000000000009,398,1990,0.52332746277638154,0.27533332921441261,0.9973314214749871,14.083333333333332
24,0.98000000000000009,399,1995,0.55513761007784279,0.31083851592273265,0.99568309253248954,14.583333333333332
24,0.98000000000000009,400,2000,0.26733067172242414,0.13441077440456239,0.55961323479715752,16.583333333333332
24,0.98000000000000009,401,2005,0.3645452842283769,0.14355137439963528,0.95989973530116401,16.333333333333332
24,0.98000000000000009,402,2010,0.29498082970021033,0.10116969212492709,0.91865646513728727,16.583333333333332
24,0.98000000000000009,403,2015,0.40510892970864243,0.16893204234512077,0.98531868217734753,13.833333333333332
24,0.98000000000000009,404,2020,0.46448428468361919,0.21935633758169279,0.99163207496507555,15.75
24,0.98000000000000009,405,2025,0.53795862886025891,0.29099708288851456,0.99723980760406616,15.5
24,0.98000000000000009,406,2030,0.37364370187452689,0.14732170290951924,0.97237981457612044,15.916666666666666
24,0.98000000000000009,407,2035,0.2792979078713943,0.10081226968839625,0.85382815385192867,16.333333333333332
24,0.98000000000000009,408,2040,0.29020665857055017,0.095212862415565341,0.93473658169751062,15.916666666666666
24,0.98000000000000009,409,2045,0.33232767927434226,0.11472134472204645,0.98062480550045095,15.583333333333332
24,0.98000000000000009,410,2050,0.10660962977771153,0.019387061187748397,0.64711767361166062,17.5
24,0.98000000000000009,411,2055,0.27026668320644454,0.086975869239819245,0.9046343716109464,18.5
24,0.98000000000000009,412,2060,0.30018090542708786,0.098423998139303678,0.95385887488753707,16.75
24,0.98000000000000009,413,2065,0.34405287601767914,0.12292004095163477,0.98079087622415306,16
24,0.98000000000000009,414,2070,0.28644575162452712,0.089460065595370675,0.95485197166657576,18.916666666666664
24,0.98000000000000009,415,2075,0.41230767307016092,0.17683400471661201,0.9798926962807909,16.25
24,0.98000000000000009,416,2080,0.61443124278152006,0.38070515348283079,0.99578915960162828,14.083333333333332
24,0.98000000000000009,417,2085,0.59629222809029747,0.35795468616948645,0.99663877381209232,12
24,0.98000000000000009,418,2090,0.52580361792805941,0.27837415702918644,0.99655529310748114,15.25
24,0.98000000000000009,419,2095,0.52763503571678005,0.28241269819702403,0.99279097417583151,13.666666666666666
24,0.98000000000000009,420,2100,0.60032372512354804,0.36169730730279664,0.99818427601821358,15.416666666666666
24,0.98000000000000009,421,2105,0.2880296317853252,0.10219084038105328,0.88410364116585516,15.666666666666666
24,0.98000000000000009,422,2110,0.29852972818730894,0.095325723340763321,0.96518332121939798,17.5
24,0.98000000000000009,423,2115,0.19222227448238385,0.074724243459194067,0.48883015986564454,16.666666666666664
24,0.98000000000000009,424,2120,0.11467378973755055,0.026328081877350251,0.49893818988395822,17.333333333333332
24,0.98000000000000009,425,2125,0.21217026783573992,0.077547850526333201,0.6386677276820758,15.5
24,0.98000000000000009,426,2130,0.098554933769325087,0.023400497890068785,0.29541247433593515,18.25
24,0.98000000000000009,427,2135,0.24337601091028291,0.066517810271174801,0.93849657267250186,15.75
24,0.98000000000000009,428,2140,0.083154929160701288,0.015781432013777255,0.35885608909665651,15.916666666666666
24,0.98000000000000009,429,2145,0.32874715417181583,0.11333445908339591,0.97566605261436357,16.75
24,0.98000000000000009,430,2150,0.14323426644724394,0.041302435563232383,0.49341185737812482,18
24,0.98000000000000009,431,2155,0.35068353935917229,0.15289693979477734,0.8783613118837692,16.5
24,0.98000000000000009,432,2160,0.25204579778365627,0.069808517780588802,0.95056097976768861,16.916666666666664
24,0.98000000000000009,433,2165,0.12536740601325277,0.030054727894942578,0.54387752979476534,18
24,0.98000000000000009,434,2170,0.23362327983369827,0.067467812965225124,0.88193464087070983,16.583333333333332
24,0.98000000000000009,435,2175,0.27844116865195156,0.086228104649584733,0.94390121179955566,17.583333333333332
24,0.98000000000000009,436,2180,0.082502821904940196,0.015853529063050112,0.33544943385310949,19.25
24,0.98000000000000009,437,2185,0.19579745793112324,0.056048009158167912,0.76900215391881654,16.333333333333332
24,0.98000000000000009,438,2190,0.1344450503356516,0.02691126548131783,0.75558607441162495,18.25
24,0.98000000000000009,439,2195,0.30619639660930698,0.10063619405726357,0.96330931545116461,17.666666666666664
24,0.98000000000000009,440,2200,0.3543619849920851,0.14088706416256519,0.93902065360702891,15.666666666666666
24,0.98000000000000009,441,2205,0.47698096487085789,0.23283365422884175,0.98830206648650032,14.416666666666666
24,0.98000000000000009,442,2210,0.25405331526680913,0.075783868416700803,0.91292033011232865,17.5
24,0.98000000000000009,443,2215,0.20140406185891235,0.080751065974456304,0.50463625427643488,15.666666666666666
24,0.98000000000000009,444,2220,0.30510691531337913,0.10031055926711041,0.96121865037423548,15.083333333333332
24,0.98000000000000009,445,2225,0.13487927276687664,0.031932458309714931,0.62236905726788183,16.833333333333332
24,0.98000000000000009,446,2230,0.19039447968596832,0.062128365144523134,0.64305840111113255,15.916666666666666
24,0.98000000000000009,447,2235,0.29285042138777656,0.092180539570093395,0.96257539778710566,18.666666666666664
24,0.98000000000000009,448,2240,0.13530217032018274,0.031927841889610231,0.62797277796541595,18.5
24,0.98000000000000009,449,2245,0.081322597613754002,0.015242601423150499,0.34759107552477303,18.333333333333332
24,0.98000000000000009,450,2250,0.16108894275209615,0.037131563981783598,0.78454588805663938,17.25
24,0.98000000000000009,451,2255,0.20742982724916151,0.075126951191552188,0.62698167938130567,16.583333333333332
24,0.98000000000000009,452,2260,0.45375676179927038,0.2092070603044334,0.99195740977955738,15.583333333333332
24,0.98000000000000009,453,2265,0.58211408128016195,0.34033523499122648,0.99781850128023819,15
24,0.98000000000000009,454,2270,0.41003265771394104,0.17277743638370391,0.98616919927657043,13.666666666666666
24,0.98000000000000009,455,2275,0.58027086880845558,0.33841162142391573,0.99747955413383615,13.333333333333332
24,0.98000000000000009,456,2280,0.51348143929521339,0.26895937593295038,0.98995652851203253,16.5
24,0.98000000000000009,457,2285,0.58580380137171773,0.34535873584191368,0.99680527566592059,13.5
24,0.98000000000000009,458,2290,0.41479503223985709,0.17962669901122463,0.97799603668859847,15.916666666666666
24,0.98000000000000009,459,2295,0.1752370924424824,0.044881794426051121,0.76921749939986728,16.25
24,0.98000000000000009,460,2300,0.17406504958433044,0.044588629890115028,0.76418103746421451,16.583333333333332
24,0.98000000000000009,461,2305,0.45007179038965278,0.20668112825313245,0.98983901576785871,16.166666666666664
24,0.98000000000000009,462,2310,0.2358343809222665,0.071272719488032127,0.85926404209839236,16.666666666666664
24,0.98000000000000009,463,2315,0.15740923041234214,0.045168570084229608,0.58852249412487323,15.166666666666666
24,0.98000000000000009,464,2320,0.10004888002926533,0.020144117199102887,0.49377806361112453,17.416666666666664
24,0.98000000000000009,465,2325,0.21324478162721944,0.053232950421720979,0.91467952363998162,18.583333333333332
24,0.98000000000000009,466,2330,0.30366906013966899,0.09688986682108007,0.97465177085266241,17.5
24,0.98000000000000009,467,2335,0.30224733083991978,0.11546365792341909,0.86803886887948167,15.416666666666666
24,0.98000000000000009,468,2340,0.32673514428112566,0.11397451048796181,0.96619081916961624,16.666666666666664
24,0.98000000000000009,469,2345,0.44881827639857286,0.20907111714546273,0.98105303423151524,16.583333333333332
24,0.98000000000000009,470,2350,0.48179411028770608,0.23458565403641027,0.99470095133299208,14.166666666666666
24,0.98000000000000009,471,2355,0.49333166762112091,0.24618388581599168,0.99423166214204428,15.833333333333332
24,0.98000000000000009,472,2360,0.57102975037706838,0.32836579665318927,0.99648727898888656,14.5
24,0.98000000000000009,473,2365,0.24412580276868887,0.079421249590473475,0.83368536637057322,17.666666666666664
24,0.98000000000000009,474,2370,0.4994923547004772,0.25192474683001898,0.99512583879267114,15.416666666666666
24,0.98000000000000009,475,2375,0.43598696773429674,0.19528028770745523,0.98633332029955545,16.166666666666664
24,0.98000000000000009,476,2380,0.52451611909697426,0.28652394986849344,0.97926921259760724,13
24,0.98000000000000009,477,2385,0.31192978511937541,0.10775924279666407,0.94625369250947,15.833333333333332
24,0.98000000000000009,478,2390,0.39729428224762692,0.16401860108239261,0.9804366861810474,15.25
24,0.98000000000000009,479,2395,0.18767496664452332,0.064844737388159782,0.57948250829663139,17.083333333333332
24,0.98000000000000009,480,2400,0.56066870443110195,0.31593006142299734,0.99748581464762698,14.25
24,0.98000000000000009,481,2405,0.30091340169567454,0.10537327086570218,0.91814147059673512,15.75
24,0.98000000000000009,482,2410,0.23699586966800498,0.098577746237915681,0.62245916549038549,15.583333333333332
24,0.98000000000000009,483,2415,0.27184585605714995,0.086794700689388396,0.91275709292034846,15.666666666666666
24,0.98000000000000009,484,2420,0.18411257903095213,0.04734282010563029,0.80167561840776447,17.333333333333332
24,0.98000000000000009,485,2425,0.16618696269547945,0.046349041777640029,0.66089392912849931,17.5
24,0.98000000000000009,486,2430,0.37728808592071922,0.14459897368565686,0.9920873464520874,17.666666666666664
24,0.98000000000000009,487,2435,0.25867846659935312,0.075177150507361956,0.9382600530191112,17.666666666666664
24,0.98000000000000009,488,2440,0.46398523843896983,0.23004792523966497,0.96570636868833981,15.416666666666666
24,0.98000000000000009,489,2445,0.14468023747697933,0.035476325731660464,0.65259658033021695,15.583333333333332
24,0.98000000000000009,490,2450,0.25018549997293532,0.06898674430920497,0.94892414537774061,16.583333333333332
24,0.98000000000000009,491,2455,0.22123995970860752,0.059882877004582537,0.88829008444535806,16.583333333333332
24,0.98000000000000009,492,2460,0.14752222999800108,0.045105254618293726,0.46370785639912065,16.75
24,0.98000000000000009,493,2465,0.21201152547944999,0.087565088679674302,0.52594819751474164,17.416666666666664
24,0.98000000000000009,494,2470,0.5166511480581969,0.26879746234362234,0.9964989609718895,14.5
24,0.98000000000000009,495,2475,0.27288778706766681,0.097608244452153034,0.84462735960750357,17.5
24,0.98000000000000009,496,2480,0.149065426875225,0.034939247225494185,0.71380606009240655,18.333333333333332
24,0.98000000000000009,497,2485,0.19527952265667287,0.047134505419614947,0.88198993360181088,18.75
24,0.98000000000000009,498,2490,0.23134000877224134,0.0634482471996516,0.90722737681545773,16.5
24,0.98000000000000009,499,2495,0.12865230675356742,0.03641220751752032,0.40002742227941995,18
24,0.98000000000000009,500,2500,0.42843302915132175,0.18614772055139259,0.99293709772378813,16.666666666666664
24,0.98000000000000009,501,2505,0.59201297999940672,0.35230446474962845,0.99739628573612593,14.083333333333332
24,0.98000000000000009,502,2510,0.35222912466472162,0.12753237173509277,0.98602746335692193,16.583333333333332
24,0.98000000000000009,503,2515,0.31612810027239147,0.1067906773360488,0.96570988114959744,16.083333333333332
24,0.98000000000000009,504,2520,0.40634680467543788,0.16868709147108513,0.98919145177580248,16.416666666666664
24,0.98000000000000009,505,2525,0.48683680904781618,0.23966380080184649,0.99440166812067465,15.416666666666666
24,0.98000000000000009,506,2530,0.40512554730537015,0.16829819496480228,0.98729187373364502,15.583333333333332
24,0.98000000000000009,507,2535,0.21805567405339815,0.081509653540522517,0.64287479267639513,16
24,0.98000000000000009,508,2540,0.45774795839971438,0.2124270073988484,0.99309461681817257,15.916666666666666
24,0.98000000000000009,509,2545,0.22978179689275241,0.057908938991190158,0.95161651196753305,18.166666666666664
24,0.98000000000000009,510,2550,0.11675787358243074,0.030161110344878072,0.39377116149032215,19.666666666666664
24,0.98000000000000009,511,2555,0.22519929673620198,0.10033277721697183,0.51081213909589551,17
24,0.98000000000000009,512,2560,0.22619109233209514,0.094631917052347705,0.57518120638547299,16.25
24,0.98000000000000009,513,2565,0.095333718877675208,0.021543445443611992,0.31479876311147453,17.166666666666664
24,0.98000000000000009,514,2570,0.1669206614265917,0.050105847109134315,0.60083743129208877,17
24,0.98000000000000009,515,2575,0.39756299295601039,0.16359177689245821,0.98248901702842728,14.5
24,0.98000000000000009,516,2580,0.34155353742401418,0.12102015773740755,0.98130729056461408,16.25
24,0.98000000000000009,517,2585,0.13002822813196468,0.025646618105737335,0.74155372941123354,17.166666666666664
24,0.98000000000000009,518,2590,0.17367455764994999,0.042880219671092373,0.78918824210046734,15.333333333333332
24,0.98000000000000009,519,2595,0.11776317442740748,0.029473618966660821,0.43736415622578523,17.416666666666664
24,0.98000000000000009,520,2600,0.47027386210830735,0.22310328305461566,0.99560092326735838,16.75
24,0.98000000000000009,521,2605,0.36994865023927409,0.1398913034256466,0.98893301454249549,16.833333333333332
24,0.98000000000000009,522,2610,0.1558822007417775,0.047416895350184438,0.52431402522766746,16.75
24,0.98000000000000009,523,2615,0.14952370340592838,0.036234294881023955,0.68965542599160146,18.333333333333332
24,0.98000000000000009,524,2620,0.55226602821326154,0.3061294692251802,0.99814473508794199,14.833333333333332
24,0.98000000000000009,525,2625,0.38786765395831219,0.15916455855154821,0.97100782637668037,14.666666666666666
24,0.98000000000000009,526,2630,0.48503401540850488,0.23796048584563922,0.99425632754868221,14.666666666666666
24,0.98000000000000009,527,2635,0.49747852924645197,0.25057522412217681,0.99375651358420236,15.5
24,0.98000000000000009,528,2640,0.51656963030284264,0.26928028030768691,0.99543535607647715,16.583333333333332
24,0.98000000000000009,529,2645,0.58079053519636081,0.33915082667597007,0.99728270826435694,15.75
24,0.98000000000000009,530,2650,0.52405913455145281,0.27728838008514856,0.99517473218372432,15.166666666666666
24,0.98000000000000009,531,2655,0.63793138092560087,0.40971154055786724,0.9966150016665265,13.083333333333332
24,0.98000000000000009,532,2660,0.55050615780326118,0.30574980693524184,0.99555730953033228,14.333333333333332
24,0.98000000000000009,533,2665,0.37574150113574289,0.1481598801257,0.97528643707988816,16.583333333333332
24,0.98000000000000009,534,2670,0.53125933097749911,0.28395550569951655,0.99695463008777696,15.75
24,0.98000000000000009,535,2675,0.34857234746833571,0.13030290901935174,0.96378587082627543,17.416666666666664
24,0.98000000000000009,536,2680,0.2081589314219415,0.087753587475225034,0.48738400112094837,15.75
24,0.98000000000000009,537,2685,0.17130049748488355,0.059578686232354731,0.48481853883740378,16.833333333333332
24,0.98000000000000009,538,2690,0.55898625594793871,0.31492038392735716,0.99607196869208037,14.583333333333332
24,0.98000000000000009,539,2695,0.33660332025517964,0.12384257754676412,0.95348360402978238,15.666666666666666
24,0.98000000000000009,540,2700,0.2814137495090146,0.12320220070488527,0.72214643857892535,14.666666666666666
24,0.98000000000000009,541,2705,0.1882292770654368,0.041824792130401314,0.90975890028126438,17.416666666666664
24,0.98000000000000009,542,2710,0.099546941208491529,0.022617364830732213,0.35881470205219079,16.75
24,0.98000000000000009,543,2715,0.10316325748017212,0.020039772790548728,0.55851652064330604,18.833333333333332
24,0.98000000000000009,544,2720,0.11739376066346877,0.024134058458535713,0.6243907635770789,18.166666666666664
24,0.98000000000000009,545,2725,0.29680636358553159,0.10423516529411213,0.90838681051364978,15.833333333333332
24,0.98000000000000009,546,2730,0.19621883118320868,0.078736148701583158,0.47750120847784816,15.333333333333332
24,0.98000000000000009,547,2735,0.32433023810580869,0.1137668047328291,0.95923237495765201,16.333333333333332
24,0.98000000000000009,548,2740,0.32174454211378728,0.11194215638732251,0.95931876647264569,14.916666666666666
24,0.98000000000000009,549,2745,0.14951819264111302,0.045509009732799435,0.48216047292784797,17.583333333333332
24,0.98000000000000009,550,2750,0.1126858277750606,0.030099057769904972,0.3148200215141424,15.583333333333332
24,0.98000000000000009,551,2755,0.15723939060588765,0.044832711935765858,0.59334447897936604,15.666666666666666
24,0.98000000000000009,552,2760,0.32480909871186603,0.11162857766190537,0.97095937514926389,15.833333333333332
24,0.98000000000000009,553,2765,0.194821613110887,0.076261395392061698,0.49538309490689053,15.583333333333332
24,0.98000000000000009,554,2770,0.12206438150590905,0.029899809516053252,0.49663137640143962,16.5
24,0.98000000000000009,555,2775,0.1671358149365029,0.056834483511949439,0.48271445041850658,16.416666666666664
24,0.98000000000000009,556,2780,0.28235940877377874,0.15993032015987182,0.49701073854623029,13.583333333333332
24,0.98000000000000009,557,2785,0.44607379672951925,0.20518656335142993,0.98440879964677208,14.083333333333332
24,0.98000000000000009,558,2790,0.55750709161600887,0.31285226709783515,0.99672133677236474,14.166666666666666
24,0.98000000000000009,559,2795,0.45906915674352922,0.22135095764547635,0.97483571945729297,15.5
24,0.98000000000000009,560,2800,0.25720812594086451,0.077877911750138321,0.91140721818463855,14.916666666666666
24,0.98000000000000009,561,2805,0.20205867892575088,0.057696724864872491,0.79341217952791576,15.916666666666666
24,0.98000000000000009,562,2810,0.13670911727638441,0.023480042704076443,0.87183471967557646,17.75
24,0.98000000000000009,563,2815,0.42134802145366584,0.18252644444902116,0.98593991882587717,15.5
24,0.98000000000000009,564,2820,0.31046651860949415,0.10333248175702203,0.96398453400004436,18
24,0.98000000000000009,565,2825,0.54462679460450925,0.29865512509465031,0.99656666601198729,14.916666666666666
24,0.98000000000000009,566,2830,0.22913866356672294,0.094667948056171278,0.59847823406081946,17.083333333333332
24,0.98000000000000009,567,2835,0.37507582509743892,0.14399025814924316,0.98824161397205068,17.333333333333332
24,0.98000000000000009,568,2840,0.35247514991274753,0.13060018236780099,0.97439827743363638,15.083333333333332
24,0.98000000000000009,569,2845,0.13364126237109575,0.037802275894166626,0.44170483223371132,16.583333333333332
24,0.98000000000000009,570,2850,0.46428209692144368,0.22124628791080217,0.98680534719700408,16
24,0.98000000000000009,571,2855,0.32021606021141091,0.14289925270454337,0.8031910146684903,16.166666666666664
24,0.98000000000000009,572,2860,0.41409571861979799,0.17659325379344357,0.9850765950450826,15.833333333333332
24,0.98000000000000009,573,2865,0.57532477448463071,0.33266985430103202,0.99747543013059303,14.166666666666666
24,0.98000000000000009,574,2870,0.61895885838699327,0.38531174077488489,0.99712657982536279,12.5
24,0.98000000000000009,575,2875,0.47684238219948633,0.23009520710848996,0.99402637504079117,15.416666666666666
24,0.98000000000000009,576,2880,0.15102474883330694,0.046132006581511474,0.48870908584198358,15.5
24,0.98000000000000009,577,2885,0.14545612203864727,0.035946084620596626,0.6505113373940099,16.75
24,0.98000000000000009,578,2890,0.2058231288083657,0.048216734809402112,0.93091197153098626,18.583333333333332
24,0.98000000000000009,579,2895,0.15765573534080127,0.051137911179314585,0.47128886728219677,16.833333333333332
24,0.98000000000000009,580,2900,0.36686865810711905,0.14309126729975874,0.96842822628550285,17.583333333333332
24,0.98000000000000009,581,2905,0.2549687519928896,0.075592560620554333,0.91859984288104191,17.166666666666664
24,0.98000000000000009,582,2910,0.37301102134101644,0.14397420565325986,0.98261793810309028,16
24,0.98000000000000009,583,2915,0.24590702524326247,0.070237372016625818,0.91924041558028891,17.416666666666664
24,0.98000000000000009,584,2920,0.13631985531667867,0.031406753638498451,0.65496476242463453,14.833333333333332
24,0.98000000000000009,585,2925,0.30601470440767231,0.11695171203752483,0.87555815636384815,15.083333333333332
24,0.98000000000000009,586,2930,0.14949855919942476,0.042704053618807886,0.54464431610163788,16
24,0.98000000000000009,587,2935,0.33815772313722614,0.12819537639328679,0.93946369699496601,15
24,0.98000000000000009,588,2940,0.44463306951207188,0.20135048001936426,0.99076393526715734,14.666666666666666
24,0.98000000000000009,589,2945,0.23147161441722869,0.098943444964187527,0.57666021198578332,16.916666666666664
24,0.98000000000000009,590,2950,0.32488975516689261,0.11570057577787678,0.95193320498174527,17.416666666666664
24,0.98000000000000009,591,2955,0.2947878898557667,0.094354891884867079,0.95710586618183879,16.083333333333332
24,0.98000000000000009,592,2960,0.25399123229480869,0.07551161342059387,0.91474342186848245,18
24,0.98000000000000009,593,2965,0.57675039026877095,0.33398793857904119,0.99797540613974611,15.333333333333332
24,0.98000000000000009,594,2970,0.49435083679798536,0.24744712282683207,0.99373038198085994,14.666666666666666
24,0.98000000000000009,595,2975,0.55342253685736043,0.30845704501870552,0.99644024160122713,15.416666666666666
24,0.98000000000000009,596,2980,0.43440688195862182,0.19820291675436533,0.97484603118483171,17.333333333333332
24,0.98000000000000009,597,2985,0.35843780127133856,0.15132133770332612,0.91109862683949661,16.833333333333332
24,0.98000000000000009,598,2990,0.21981160308626943,0.059116245622131705,0.8882476841500333,16.333333333333332
24,0.98000000000000009,599,2995,0.20066806790641062,0.067494119231761643,0.66193172583184312,15.916666666666666
24,0.98000000000000009,600,3000,0.37699746657759836,0.14690893308569089,0.9831775797059763,15.333333333333332
24,0.98000000000000009,601,3005,0.49857543445097136,0.25211281941689939,0.99288882522908639,14.916666666666666
24,0.98000000000000009,602,3010,0.48499942693882048,0.23772596076820629,0.99468270262798653,16.416666666666664
24,0.98000000000000009,603,3015,0.60536724697354038,0.36740591739759898,0.99872238524652135,15.166666666666666
24,0.98000000000000009,604,3020,0.59735103433822223,0.35833957214591533,0.99788229507314041,13.666666666666666
24,0.98000000000000009,605,3025,0.36394063423072187,0.1407850642668268,0.96854622948395952,15.5
24,0.98000000000000009,606,3030,0.360873979001748,0.13768091276547195,0.97139337172033546,16.833333333333332
24,0.98000000000000009,607,3035,0.17169162667503449,0.036162118073881484,0.88662561779826876,17.583333333333332
24,0.98000000000000009,608,3040,0.36502575396902398,0.14269470178635149,0.9645353080200898,16.416666666666664
24,0.98000000000000009,609,3045,0.36184533176783223,0.13748467410439846,0.97497698128003107,16.833333333333332
24,0.98000000000000009,610,3050,0.21614005879221329,0.068600916383529831,0.76577462298467691,16.5
24,0.98000000000000009,611,3055,0.081530112559743476,0.010191558917265954,0.73338989425247603,19.75
24,0.98000000000000009,612,3060,0.09840930320093258,0.015624121194065654,0.69333485893657709,17.5
24,0.98000000000000009,613,3065,0.30179715800324469,0.10288475451347044,0.93520513633684976,16.666666666666664
24,0.98000000000000009,614,3070,0.39626755613975451,0.16117545180398266,0.98679383171277824,16.75
24,0.98000000000000009,615,3075,0.40431542085444067,0.16633406712339893,0.99124276388069232,16
24,0.98000000000000009,616,3080,0.34691147383887194,0.12259090661181381,0.99067976229989441,16.583333333333332
24,0.98000000000000009,617,3085,0.47637111201289861,0.22925920944108888,0.9948667455442336,15.5
24,0.98000000000000009,618,3090,0.4244676716584907,0.18535922808785837,0.98560708475035308,16.083333333333332
24,0.98000000000000009,619,3095,0.4384782832831825,0.20061491604850812,0.9782805265796729,14.666666666666666
24,0.98000000000000009,620,3100,0.51594910432241925,0.26781481478452523,0.99697348707837219,14.333333333333332
24,0.98000000000000009,621,3105,0.36202093970529875,0.13789201868713985,0.97393216215829481,16.333333333333332
24,0.98000000000000009,622,3110,0.3557577291405305,0.13528967463791647,0.96552675719770609,17.083333333333332
24,0.98000000000000009,623,3115,0.20658116591824993,0.070486380230633333,0.67416408852102161,15.5
24,0.98000000000000009,624,3120,0.4043199927603679,0.16590333010733052,0.99257171229808638,16.916666666666664
24,0.98000000000000009,625,3125,0.32935409061928844,0.11259178630533292,0.98102003772299096,17
24,0.98000000000000009,626,3130,0.22723835886319904,0.083073956389151035,0.69560083645293314,15.166666666666666
24,0.98000000000000009,627,3135,0.44099077622373589,0.19731256864721564,0.99269897130128504,16.333333333333332
24,0.98000000000000009,628,3140,0.20763507447404808,0.076829916348205435,0.60895645433534162,16
24,0.98000000000000009,629,3145,0.49315154895394198,0.2459203606985432,0.99440393131569449,15
24,0.98000000000000009,630,3150,0.20574912454718466,0.082876619270688817,0.52112769960362404,15.916666666666666
24,0.98000000000000009,631,3155,0.24356149296367849,0.071587635279322159,0.89662020080248594,15.416666666666666
24,0.98000000000000009,632,3160,0.26618895617319632,0.10060618388184177,0.79007149563766843,15
24,0.98000000000000009,633,3165,0.37630946666973419,0.14537527874835668,0.98670116669313179,18.083333333333332
24,0.98000000000000009,634,3170,0.154895774304533,0.036132381712657459,0.74701304227545828,18
24,0.98000000000000009,635,3175,0.089830944142852309,0.016770214955449936,0.46090153046301602,18
24,0.98000000000000009,636,3180,0.31537742938260832,0.11024389767268734,0.94580405246782606,17
24,0.98000000000000009,637,3185,0.31803285988096175,0.11236645325489024,0.94452734001015481,16.083333333333332
24,0.98000000000000009,638,3190,0.23906505204729486,0.076785820061263887,0.82823272236274148,16.333333333333332
24,0.98000000000000009,639,3195,0.26440832335588021,0.084116300921514994,0.89841094570474189,16.583333333333332
24,0.98000000000000009,640,3200,0.41603525501241784,0.18182098311370176,0.97476490489347944,16.583333333333332
24,0.98000000000000009,641,3205,0.18701599343841585,0.071022991845335448,0.48466006004088441,17.666666666666664
24,0.98000000000000009,642,3210,0.52092223721439734,0.27444462718420509,0.99431631371858353,13.666666666666666
24,0.98000000000000009,643,3215,0.56734739682447177,0.3233083888931782,0.99778596585476975,14.333333333333332
24,0.98000000000000009,644,3220,0.54179733749022907,0.29703827266642285,0.99404873965984619,13.75
24,0.98000000000000009,645,3225,0.29431291229439427,0.093192760540041802,0.96206035937626244,17.416666666666664
24,0.98000000000000009,646,3230,0.15599460006266638,0.028279530362409332,0.91893720712139126,17.916666666666664
24,0.98000000000000009,647,3235,0.12847671520235338,0.032241916537267289,0.52334313965386614,16.916666666666664
24,0.98000000000000009,648,3240,0.38054491133272028,0.15417455369288188,0.96768234981380374,15.5
24,0.98000000000000009,649,3245,0.54752325113768752,0.30139609706053738,0.99730739656988154,16.166666666666664
24,0.98000000000000009,650,3250,0.21395595378853532,0.065271789015690002,0.78707020003074168,17.083333333333332
24,0.98000000000000009,651,3255,0.10611601502376017,0.018530884958556804,0.67718102353330001,16.333333333333332
24,0.98000000000000009,652,3260,0.22681470629078793,0.076027244232899249,0.76108100130634815,18
24,0.98000000000000009,653,3265,0.36593209266530696,0.13947390738204204,0.97921079483358842,16
24,0.98000000000000009,654,3270,0.22299392887110314,0.078299159234437588,0.71269859875130703,17.416666666666664
24,0.98000000000000009,655,3275,0.16367861784119858,0.059686348108015611,0.38606175792334274,15.833333333333332
24,0.98000000000000009,656,3280,0.094331325924167,0.019658175104048461,0.39540944431472086,16.833333333333332
24,0.98000000000000009,657,3285,0.19785867482870909,0.057144001809181381,0.77015529238956204,17.25
24,0.98000000000000009,658,3290,0.31502724540830795,0.10470940483599159,0.972455057448672,17.833333333333332
24,0.98000000000000009,659,3295,0.17441017605867429,0.057912621346457097,0.54808189586720435,16.833333333333332
24,0.98000000000000009,660,3300,0.3177779306719356,0.12970965111246729,0.85776372744172946,16
24,0.98000000000000009,661,3305,0.23796296278318663,0.064342516545645836,0.93186792069344315,17.75
24,0.98000000000000009,662,3310,0.35704382499514048,0.13211335579130173,0.98182831747439314,16.416666666666664
24,0.98000000000000009,663,3315,0.47289798814052941,0.22662219806850162,0.99331561650239741,14.583333333333332
24,0.98000000000000009,664,3320,0.29550263565793167,0.09921925101511285,0.93187587585325138,16.75
24,0.98000000000000009,665,3325,0.16823633004669455,0.039908649115892668,0.79498645674892809,18.083333333333332
24,0.98000000000000009,666,3330,0.21999114063741759,0.053364547288160299,0.94866895134010665,16.5
24,0.98000000000000009,667,3335,0.15898506879285881,0.048167723292896016,0.54717433771227153,18
24,0.98000000000000009,668,3340,0.23619474597924622,0.065035765418141545,0.91711645562232136,18.166666666666664
24,0.98000000000000009,669,3345,0.17700991323767909,0.048204361263988867,0.73076124110294394,15.916666666666666
24,0.98000000000000009,670,3350,0.51605389868133833,0.270779225941012,0.99161208307325532,17.083333333333332
24,0.98000000000000009,671,3355,0.11045835731010056,0.027021857082909103,0.39264202823428418,19.333333333333332
24,0.98000000000000009,672,3360,0.32834495043071982,0.11475323525556069,0.96780074851157838,16.666666666666664
24,0.98000000000000009,673,3365,0.39357906281298766,0.16298867798678135,0.97390585678776909,13.833333333333332
24,0.98000000000000009,674,3370,0.21238929098498718,0.09088376645754101,0.49262518016071538,15.916666666666666
24,0.98000000000000009,675,3375,0.19134194917468078,0.049388149062916692,0.82551488920464489,16.666666666666664
24,0.98000000000000009,676,3380,0.19375923664580302,0.050423309006023695,0.82845283912049839,16.5
24,0.98000000000000009,677,3385,0.097529603502120185,0.020487988616031641,0.42304784106417925,18.916666666666664
24,0.98000000000000009,678,3390,0.27201359816497289,0.080596332357238301,0.95536687381227281,17
24,0.98000000000000009,679,3395,0.57416876897478841,0.33164785579899764,0.99699990614641953,14.083333333333332
24,0.98000000000000009,680,3400,0.44055863513303589,0.2057913074272591,0.96986119520055292,15.166666666666666
24,0.98000000000000009,681,3405,0.50075736409946592,0.25382334338972407,0.99388771953143862,14.416666666666666
24,0.98000000000000009,682,3410,0.42912265283519196,0.18855815774735199,0.98802064515878996,15.666666666666666
24,0.98000000000000009,683,3415,0.22588468901475753,0.067926513726218565,0.83436562666887426,17.083333333333332
24,0.98000000000000009,684,3420,0.2657904217205595,0.092023456892932204,0.84868677671849302,16
24,0.98000000000000009,685,3425,0.20622119859588384,0.06280997390486126,0.76153145067687,16.75
24,0.98000000000000009,686,3430,0.46264498161433942,0.21696111814157962,0.99317713054397394,15.416666666666666
24,0.98000000000000009,687,3435,0.20915216034675185,0.056304387577362572,0.85644223648608986,16.166666666666664
24,0.98000000000000009,688,3440,0.24526996437649656,0.075324510119114452,0.87393765411851088,19
24,0.98000000000000009,689,3445,0.23573865857605736,0.093604021127814546,0.65782393500288472,16.416666666666664
24,0.98000000000000009,690,3450,0.11078546192597079,0.021618401736409651,0.61929990793516265,16.666666666666664
24,0.98000000000000009,691,3455,0.39714863454825283,0.16254972663952549,0.98471191502904654,17.083333333333332
24,0.98000000000000009,692,3460,0.59109089474728638,0.35055626194857414,0.99832877115816621,15.5
24,0.98000000000000009,693,3465,0.32430052360016443,0.11471596486609867,0.95462080457863197,16.25
24,0.98000000000000009,694,3470,0.53052655342207766,0.28391664527159843,0.99563306482046121,14.666666666666666
24,0.98000000000000009,695,3475,0.48138131731593425,0.23805265737727913,0.98635321268332099,13.416666666666666
24,0.98000000000000009,696,3480,0.45735279284474689,0.21600743658128055,0.98365968370938262,14.333333333333332
24,0.98000000000000009,697,3485,0.44416450662643964,0.20399318285667656,0.98299117455252649,14.666666666666666
24,0.98000000000000009,698,3490,0.47511118275572423,0.23123864763962429,0.98779959211965296,14.833333333333332
24,0.98000000000000009,699,3495,0.37047108337931162,0.1457532950127336,0.96901805360450988,15.833333333333332
24,0.98000000000000009,700,3500,0.29139608407666873,0.10076521308340868,0.90664690843412743,16.583333333333332
24,0.98000000000000009,701,3505,0.49550041941242545,0.2489021554328758,0.99311363508607142,14.583333333333332
24,0.98000000000000009,702,3510,0.3220020633182944,0.12258104780056718,0.90887949509618893,17.25
24,0.98000000000000009,703,3515,0.18453389479864851,0.06866279450248583,0.49181743461168098,14.75
24,0.98000000000000009,704,3520,0.088934638964426257,0.014812545012126871,0.56360778433396597,19.666666666666664
24,0.98000000000000009,705,3525,0.15141744266572071,0.032715652382880767,0.78653318912918224,17.833333333333332
24,0.98000000000000009,706,3530,0.39278626418603102,0.15906694883039391,0.98448967155117462,16.75
24,0.98000000000000009,707,3535,0.50155804345143695,0.26246503650831532,0.97832615451015548,15.5
24,0.98000000000000009,708,3540,0.21000982101603488,0.089415668624356071,0.48631172503609443,15.416666666666666
24,0.98000000000000009,709,3545,0.15712673584295109,0.05022097785362941,0.48292028692019051,16.916666666666664
24,0.98000000000000009,710,3550,0.36241769169083266,0.13840079236290861,0.97314658311688629,15.916666666666666
24,0.98000000000000009,711,3555,0.45576677332125154,0.21580096642612753,0.98055679658120176,15.25
24,0.98000000000000009,712,3560,0.32267813519520649,0.11474162285916308,0.94899959818484458,15.666666666666666
24,0.98000000000000009,713,3565,0.44926223031331669,0.20650891818790401,0.98842537051616408,15.666666666666666
24,0.98000000000000009,714,3570,0.25333544857771451,0.069518678947618456,0.95839883791433933,17.416666666666664
24,0.98000000000000009,715,3575,0.059084111298928335,0.0080281957450313683,0.35013582809342597,18.916666666666664
24,0.98000000000000009,716,3580,0.053465918292158049,0.0072272623856995625,0.23587574095448144,18.5
24,0.98000000000000009,717,3585,0.14109852509980184,0.027476181929562665,0.80994860296870974,19.916666666666664
24,0.98000000000000009,718,3590,0.10676574935290088,0.022578623920036824,0.5096161061336355,17
24,0.98000000000000009,719,3595,0.23630743089470746,0.068842846632107532,0.88358376705204245,17.833333333333332
24,0.98000000000000009,720,3600,0.12499168242444786,0.032857965107075469,0.44840517371899563,16.583333333333332
24,0.98000000000000009,721,3605,0.41119088872195014,0.17302216373685275,0.9883360992972865,15.916666666666666
24,0.98000000000000009,722,3610,0.46767500299553832,0.22169622306145267,0.99319605916081721,15.333333333333332
24,0.98000000000000009,723,3615,0.27873688371713107,0.092544100412438546,0.90443404754993306,14.25
24,0.98000000000000009,724,3620,0.33001218056970127,0.1233912715745583,0.93350705631999908,17.833333333333332
24,0.98000000000000009,725,3625,0.2825216144317525,0.10802402637763207,0.82331428825939523,16.166666666666664
24,0.98000000000000009,726,3630,0.57269791065349995,0.32960277454707276,0.99753054550151443,14.333333333333332
24,0.98000000000000009,727,3635,0.20662130854995306,0.080865028493892474,0.55293337326646164,15.333333333333332
24,0.98000000000000009,728,3640,0.3447199305079327,0.12525055512685943,0.97299240190515146,16.333333333333332
24,0.98000000000000009,729,3645,0.19104346434945332,0.045380804530014127,0.87830435458022993,16.416666666666664
24,0.98000000000000009,730,3650,0.19413958485376601,0.044632162662926744,0.90790725131710504,17.083333333333332
24,0.98000000000000009,731,3655,0.32003664375473218,0.11297369367118236,0.94849695074344853,14.333333333333332
24,0.98000000000000009,732,3660,0.34912591139203958,0.12989915727109241,0.96714116242748527,15.5
24,0.98000000000000009,733,3665,0.3082234547388582,0.10489489374590145,0.94793147965935765,15.083333333333332
24,0.98000000000000009,734,3670,0.16665515451818258,0.036918288727076247,0.83537899149475048,16.25
24,0.98000000000000009,735,3675,0.1876326746640522,0.056272733602918443,0.70080809132425337,18
24,0.98000000000000009,736,3680,0.10286732575655604,0.023677545394166874,0.3812017381131354,20.166666666666664
24,0.98000000000000009,737,3685,0.087703351991342396,0.017264687302506194,0.37773262826244591,19.583333333333332
24,0.98000000000000009,738,3690,0.31431566487642548,0.10722502043009333,0.95733215342367772,16.25
24,0.98000000000000009,739,3695,0.23376710847355847,0.074712484306604973,0.81640894373976214,16.416666666666664
24,0.98000000000000009,740,3700,0.39347184905423011,0.1573965361319116,0.99167924513563321,18
24,0.98000000000000009,741,3705,0.10725843938153266,0.026633795473407204,0.34244904553012762,18.5
24,0.98000000000000009,742,3710,0.39634891426708807,0.16081943803447138,0.98813763515415787,14.833333333333332
24,0.98000000000000009,743,3715,0.43170478180427163,0.1916424309218219,0.98585222928189098,15.833333333333332
24,0.98000000000000009,744,3720,0.41660189191999314,0.18247908124867446,0.9742968077115054,15.75
24,0.98000000000000009,745,3725,0.45926546084949726,0.2152154205416025,0.98982893961688545,16.25
24,0.98000000000000009,746,3730,0.32249288649466951,0.10856429350670208,0.97806462134195338,17.333333333333332
24,0.98000000000000009,747,3735,0.37285335053855201,0.14304270858515739,0.98553050444186352,15.5
24,0.98000000000000009,748,3740,0.30300196240334165,0.10129150806501613,0.9483645610293211,16.666666666666664
24,0.98000000000000009,749,3745,0.19020049675398892,0.073328745514138968,0.48650650425528474,16.416666666666664
24,0.98000000000000009,750,3750,0.4681339528041521,0.22139254159870367,0.99488215835062943,15.666666666666666
24,0.98000000000000009,751,3755,0.27138108959290741,0.083836318934154691,0.93082863600538135,18.5
24,0.98000000000000009,752,3760,0.20998862362540718,0.067450830045054783,0.73516849551896835,17.25
24,0.98000000000000009,753,3765,0.53292347663937845,0.28690370001621357,0.99490106994227079,14.25
24,0.98000000000000009,754,3770,0.29934569147502649,0.10622080515977933,0.9073018521701649,15.25
24,0.98000000000000009,755,3775,0.22349572155625583,0.074045864398007893,0.75880516504987749,18.166666666666664
24,0.98000000000000009,756,3780,0.6090800191018314,0.37273707101108328,0.9976297797772945,13.25
24,0.98000000000000009,757,3785,0.43375854731959901,0.19079740882326957,0.9929551392949868,17.166666666666664
24,0.98000000000000009,758,3790,0.42656661209197894,0.18631610145858324,0.98802745365217237,15.5
24,0.98000000000000009,759,3795,0.49205009551449252,0.24756506317336124,0.98874129022146851,14.416666666666666
24,0.98000000000000009,760,3800,0.4699469930168938,0.22400468040034352,0.99285827114030734,15.5
24,0.98000000000000009,761,3805,0.38153137123067171,0.14947318813157071,0.98657998477298814,16.5
24,0.98000000000000009,762,3810,0.15142446675928609,0.034035597456663819,0.75781653087036471,16.666666666666664
24,0.98000000000000009,763,3815,0.32931077596847758,0.12273892329838727,0.93409904218989981,17.25
24,0.98000000000000009,764,3820,0.53028776768108554,0.28415570845113763,0.99475366605144777,14.333333333333332
24,0.98000000000000009,765,3825,0.466093994753351,0.22060609703903761,0.99226102654113946,16.333333333333332
24,0.98000000000000009,766,3830,0.16426371280025046,0.057151410321495968,0.44095677414318929,17.166666666666664
24,0.98000000000000009,767,3835,0.29413722113280111,0.096930778661667147,0.93981466455924834,18.666666666666664
24,0.98000000000000009,768,3840,0.14018296644972822,0.031097282133387392,0.70877145605991998,17.25
24,0.98000000000000009,769,3845,0.20838352137134417,0.069244307668161892,0.70268977012070666,16.666666666666664
24,0.98000000000000009,770,3850,0.13721916725998748,0.038909805809620168,0.46676404895499207,16.333333333333332
24,0.98000000000000009,771,3855,0.20636111776808189,0.05075605217750305,0.9040606041760253,16.75
24,0.98000000000000009,772,3860,0.045837902958653413,0.0055255333139564286,0.18509394789563177,17.5
24,0.98000000000000009,773,3865,0.35570285396591245,0.13849392529977611,0.95269926750144496,16.833333333333332
24,0.98000000000000009,774,3870,0.52286923133030438,0.27557211277231491,0.99601327426921105,14.75
24,0.98000000000000009,775,3875,0.18535766606393772,0.073206865465228088,0.43462939116101257,14.833333333333332
24,0.98000000000000009,776,3880,0.17752010233423224,0.059266138292636439,0.55966726465751737,15.916666666666666
24,0.98000000000000009,777,3885,0.136544464988513,0.040880345486954024,0.40368246234057464,17.25
24,0.98000000000000009,778,3890,0.34094598243258672,0.12399254725330805,0.96667194239855792,17.583333333333332
24,0.98000000000000009,779,3895,0.4075476818371912,0.16941645675796491,0.99000168118227827,16
24,0.98000000000000009,780,3900,0.43507602715459953,0.21353224567425449,0.93596875409687863,15.583333333333332
24,0.98000000000000009,781,3905,0.46098086270330429,0.21796709106119216,0.98714435529149991,16.583333333333332
24,0.98000000000000009,782,3910,0.10326257624051834,0.02451387468426762,0.35053419977336697,17.333333333333332
24,0.98000000000000009,783,3915,0.19518080349021649,0.076819725388783983,0.49174925481094334,17.666666666666664
24,0.98000000000000009,784,3920,0.25084534874537823,0.074084477716292993,0.91131208197181901,15.833333333333332
24,0.98000000000000009,785,3925,0.10740010509038427,0.025470883244484637,0.39590969390416825,19.25
24,0.98000000000000009,786,3930,0.12452099227694524,0.022482179402279302,0.77502460415329566,17.5
24,0.98000000000000009,787,3935,0.098924094476356667,0.018925333740144601,0.53303805184420194,18.166666666666664
24,0.98000000000000009,788,3940,0.25038047342550035,0.071346827858040626,0.93095873575899457,17.583333333333332
24,0.98000000000000009,789,3945,0.30470196346022821,0.13060251591085395,0.7966507284321318,17.75
24,0.98000000000000009,790,3950,0.44732610268795364,0.20936749295666904,0.97684452505676056,13.666666666666666
24,0.98000000000000009,791,3955,0.33239249044987829,0.11701417766189526,0.97045108529480473,17.416666666666664
24,0.98000000000000009,792,3960,0.47975801403163709,0.23400959148283437,0.99165426211662899,14
24,0.98000000000000009,793,3965,0.28291271887091035,0.10622786703084183,0.8364043648049363,15.083333333333332
24,0.98000000000000009,794,3970,0.54988599673727301,0.30447774178578202,0.99652230658163199,15.5
24,0.98000000000000009,795,3975,0.18493882922407459,0.067975625467862372,0.50627318566988366,15.5
24,0.98000000000000009,796,3980,0.54849637387727646,0.30195876925848886,0.99815439009503426,15.916666666666666
24,0.98000000000000009,797,3985,0.16042841624908591,0.041192751890550251,0.69974532841258563,16.25
24,0.98000000000000009,798,3990,0.24144522890074913,0.073105176278872003,0.87298074573105755,16
24,0.98000000000000009,799,3995,0.22852176112102693,0.071184647103546814,0.81844451687035025,17.333333333333332
24,0.98000000000000009,800,4000,0.44747911014183522,0.20562791217445417,0.98654009187315927,15.166666666666666
24,0.98000000000000009,801,4005,0.25234729800790379,0.076466431424637604,0.89959609351529135,16.166666666666664
24,0.98000000000000009,802,4010,0.66054305477338793,0.43718121135571553,0.99900979804313073,12.833333333333332
24,0.98000000000000009,803,4015,0.46340885565676815,0.21711328133224561,0.99449234360231953,15.916666666666666
24,0.98000000000000009,804,4020,0.20178993623342487,0.082804815118099756,0.48322094842301716,15.083333333333332
24,0.98000000000000009,805,4025,0.29195417483071812,0.099163092590088042,0.91831121962566098,14.416666666666666
24,0.98000000000000009,806,4030,0.3115202812817382,0.12442923281921064,0.85890885961696872,16.083333333333332
24,0.98000000000000009,807,4035,0.18837178299623811,0.06590750828472465,0.57130480148521934,16.416666666666664
24,0.98000000000000009,808,4040,0.14038382112584616,0.040148319453371557,0.48140097362141693,18.083333333333332
24,0.98000000000000009,809,4045,0.15896930266558087,0.050084666656084749,0.50905795953328004,18.416666666666664
24,0.98000000000000009,810,4050,0.17017241564934113,0.035343139195895781,0.88976544284821646,17.083333333333332
24,0.98000000000000009,811,4055,0.52086767165728509,0.27336961225350498,0.99619156464333836,14.916666666666666
24,0.98000000000000009,812,4060,0.2585411901145665,0.13014461293765459,0.52649830233281758,16
24,0.98000000000000009,813,4065,0.22317057457363496,0.069135481833274337,0.805939809385394,17.166666666666664
24,0.98000000000000009,814,4070,0.071670926532551776,0.011039796721202592,0.42540443648750981,16.833333333333332
24,0.98000000000000009,815,4075,0.31401040385458506,0.11316582623982099,0.92615152998532912,17.333333333333332
24,0.98000000000000009,816,4080,0.080978718376014364,0.0161377146692274,0.26953224106424584,18
24,0.98000000000000009,817,4085,0.17980321317546744,0.064419485714422561,0.50369488350332503,17.083333333333332
24,0.98000000000000009,818,4090,0.15872013742440036,0.036556306857105321,0.77444847904494274,14.75
24,0.98000000000000009,819,4095,0.11409737595898059,0.026717824645531529,0.47382888349346908,17
24,0.98000000000000009,820,4100,0.31272632083055613,0.10478713623740749,0.96426612896093089,16.333333333333332
24,0.98000000000000009,821,4105,0.13810243216017323,0.036318940599766272,0.5478606325005686,16.25
24,0.98000000000000009,822,4110,0.33632250293422755,0.12083127638438861,0.96588163040938557,15.083333333333332
24,0.98000000000000009,823,4115,0.08396895718296668,0.016916901552987192,0.30035345677225617,16.666666666666664
24,0.98000000000000009,824,4120,0.21213864011032629,0.089081521114188711,0.51026696213977929,15.833333333333332
24,0.98000000000000009,825,4125,0.46863772617546445,0.22216829527714466,0.99420143522302507,15.833333333333332
24,0.98000000000000009,826,4130,0.41234426305318067,0.17324273889294858,0.99054581725725532,16.416666666666664
24,0.98000000000000009,827,4135,0.47880280645525453,0.23267421336946703,0.99253641408301552,16.333333333333332
24,0.98000000000000009,828,4140,0.44846504988384422,0.20712684885236268,0.98506881220162257,14.666666666666666
24,0.98000000000000009,829,4145,0.41949297207962494,0.17904861426158639,0.99126503216498618,16.75
24,0.98000000000000009,830,4150,0.16800778204550421,0.047808355567936701,0.65313338387345654,16.416666666666664
24,0.98000000000000009,831,4155,0.079691878498599891,0.015904860863143234,0.24780562005498341,17.75
24,0.98000000000000009,832,4160,0.50813109129441791,0.26243517780233466,0.99179314925804729,14.5
24,0.98000000000000009,833,4165,0.15502204115723311,0.049578359653924681,0.46848569251040961,17.25
24,0.98000000000000009,834,4170,0.53727797503762054,0.29057119225736583,0.99670283459465547,13.916666666666666
24,0.98000000000000009,835,4175,0.13049002889282946,0.031970720406230807,0.56121147555696238,16.25
24,0.98000000000000009,836,4180,0.27132032134186945,0.082422176294162541,0.94017867685167156,16.75
24,0.98000000000000009,837,4185,0.13182568106666145,0.035869491406290782,0.46796321854969275,15.75
24,0.98000000000000009,838,4190,0.46399305805386742,0.22110147757875995,0.98650208650927429,14.75
24,0.98000000000000009,839,4195,0.32398519494039907,0.11604499438220313,0.94722793602849975,17.333333333333332
24,0.98000000000000009,840,4200,0.38657445095115611,0.15675604410140886,0.97552112063453411,16.916666666666664
24,0.98000000000000009,841,4205,0.48874829732713021,0.24225707989409068,0.99292060032206242,15.583333333333332
24,0.98000000000000009,842,4210,0.24690470314448809,0.12090220443460167,0.50837949515646907,15.25
24,0.98000000000000009,843,4215,0.51650883680209092,0.27290614161774851,0.98852100705517876,14.5
24,0.98000000000000009,844,4220,0.29344477801299163,0.13427761970865298,0.72031196882947246,16
24,0.98000000000000009,845,4225,0.33068687200297314,0.1194080808617194,0.95402869916711464,15.666666666666666
24,0.98000000000000009,846,4230,0.58074462011285211,0.3384942551119447,0.9981765913682028,15.25
24,0.98000000000000009,847,4235,0.077739700102084058,0.014514861219589744,0.29912675146493145,17.583333333333332
24,0.98000000000000009,848,4240,0.49999052191751342,0.25209565451495997,0.99578957535927992,16.416666666666664
24,0.98000000000000009,849,4245,0.18408865045553632,0.06944412094872443,